19-04-16 01:14:07	penerima penghargaan dari walikota bogor kepada ibu iptu fitria wijayanti @fitria_w.jay #polisi #polri #polisiindonesia #poldajabar #polwan #polisi_wanita
18-04-16 04:04:21	upacara hari kesadaran nasion dipimpin oleh waka polres bogor kota kompol satya widhi s.i.k #polri #polisiindonesia #polisi
14-04-16 23:05:16	11-04-2016 kunjugan kerja kapolda jabar ke polres bogor kota #polisi #polri #polisiindonesia #poldajabar #kapoldajabar #latepost
14-04-16 22:51:43	dengan bantuan masyarakat insha allah kita bisa berantas narkoba #polri #polisi #lindungigenerasimuda #berantasnarkoba
08-04-16 04:48:42	#polisi #polri #polresbogorkota #polisiindonesia #polwan #polisiwanita #polisiwanita_indonesia #polisiwanitaindonesia #polisiwanitarepublikindonesia #polisiwanitacantik
07-04-16 23:47:22	olah raga bersama keluarga besar polres bogor kota. #polisiindonesia #polresbogorkota #polri #polisi
07-04-16 23:36:09	\"di dalam tubuh yang sehat terdapat jiwa yang kuat, sisihkan waktu sejenak untuk berolahraga untuk menjaga kebugaran tubuh kita\"\npesan bapak kapolres bogor kota hari ini #polisi #polri #polresbogorkota #polisiindonesia
04-04-16 01:03:40	pemeriksaan urine dari bnn kab. bogor #polri #polisi #polresbogorkota #bnnkabbogor
24-03-16 05:38:21	pengamanan oleh petugas dalam rangka misa kamis putih di gereja katolik st. fransiskus asisi
21-03-16 03:33:24	sertijab kasat sabhara dan kasat reskrim #polresbogorkota #polisi #polri
21-03-16 03:30:52	senin tanggal 20\/03\/2016 di aula praja guptha makorwil bogor dilaksanakan serah terima jabatan kasat reskrim dan kasat sabhara polres bogor kota #polri #polisi #polresbogorkota #kasatreskrimbogorkota #kasatsabharabogorkota
17-03-16 11:18:34	\"selamat memasuki masa purna bhakti.\nsemoga semua karya dan karsa menjadi ibadah dan mendapat ganjaran yang berlipat kali dari allah swt.\nsemoga senantiasa diberi kesehatan, keselamatan, dan barokah dari allah swt.\n\", sambutan kapolres bogor kota akbp andi herindra s.ik kepada akbp drs. soekamto yang memasuki masa purna bhakti. #purnabhakti #purna #bhakti #polri #polisi #poldajabar #polresbogorkota #kapolresbogorkota
